"","Med4","n","n.1000","perc"
"1","Fentanyl",163651,163.651,35.7174659851325
"2","Hydromorphone",910,0.91,0.198611032297209
"3","Methadone",121445,121.445,26.5058426564116
"4","Morphine",105903,105.903,23.1137408278806
"5","Oxycodone",31734,31.734,6.92606868013148
"6","Tapentadol",33500,33.5,7.31150503511705
"7",NA,1039,1.039,0.226765783029451
